[
    {
        "AddressLine": "HN. 535, 4472 Eu St.",
        "City": "Katihar",
        "State": "Bihar",
        "PinCode": "867820",
        "ContactNumber": "5998971437"
    },
    {
        "AddressLine": "7418 Dolor St.",
        "City": "Nagpur",
        "State": "Maharastra",
        "PinCode": "710782",
        "ContactNumber": "3018429913"
    },
    {
        "AddressLine": "HN. 821, 8267 Dapibus Av.",
        "City": "Kolkata",
        "State": "West Bengal",
        "PinCode": "701624",
        "ContactNumber": "6351552880"
    },
    {
        "AddressLine": "773 Eu Ave",
        "City": "Sitapur",
        "State": "Uttar Pradesh",
        "PinCode": "431667",
        "ContactNumber": "9934440762"
    },
    {
        "AddressLine": "7409 Laoreet Rd.",
        "City": "Jammu",
        "State": "Jammu and Kashmir",
        "PinCode": "697806",
        "ContactNumber": "8335722151"
    },
    {
        "AddressLine": "7114 Eu, Rd.",
        "City": "Ratlam",
        "State": "Madhya Pradesh",
        "PinCode": "925281",
        "ContactNumber": "4057182350"
    },
    {
        "AddressLine": "Flat No. #658-8929 Arcu Rd.",
        "City": "Guna",
        "State": "Madhya Pradesh",
        "PinCode": "555836",
        "ContactNumber": "5015943575"
    },
    {
        "AddressLine": "291-4367 Aliquam St.",
        "City": "Pali",
        "State": "Rajasthan",
        "PinCode": "906511",
        "ContactNumber": "7544884134"
    },
    {
        "AddressLine": "Flat No. #396-1703 Ullamcorper, Street",
        "City": "Hassan",
        "State": "Karnataka",
        "PinCode": "701126",
        "ContactNumber": "1157976639"
    },
    {
        "AddressLine": "House No 847, 2219 Donec St.",
        "City": "Adoni",
        "State": "Andhra Pradesh",
        "PinCode": "187597",
        "ContactNumber": "4515437963"
    },
    {
        "AddressLine": "Flat No. #325-2029 Ac, Ave",
        "City": "Agra",
        "State": "Uttar Pradesh",
        "PinCode": "556412",
        "ContactNumber": "2844494619"
    },
    {
        "AddressLine": "249-7358 Nec St.",
        "City": "Jaipur",
        "State": "Rajasthan",
        "PinCode": "326647",
        "ContactNumber": "4455040114"
    },
    {
        "AddressLine": "6549 Ac, Ave",
        "City": "Ramagundam",
        "State": "Andhra Pradesh",
        "PinCode": "699979",
        "ContactNumber": "2758430969"
    },
    {
        "AddressLine": "House No 727, 9696 Ullamcorper, Road",
        "City": "Dabgram",
        "State": "West Bengal",
        "PinCode": "953658",
        "ContactNumber": "4166559042"
    },
    {
        "AddressLine": "House No 703, 9601 Aliquam Av.",
        "City": "Arrah",
        "State": "Bihar",
        "PinCode": "732227",
        "ContactNumber": "6382741027"
    },
    {
        "AddressLine": "Flat No. #229-5133 Quam. Road",
        "City": "Haridwar",
        "State": "Uttarakhand",
        "PinCode": "478334",
        "ContactNumber": "8593433887"
    },
    {
        "AddressLine": "611-1753 Etiam Avenue",
        "City": "Nagaon",
        "State": "Assam",
        "PinCode": "935500",
        "ContactNumber": "3398236143"
    },
    {
        "AddressLine": "3122 Morbi Ave",
        "City": "Palakkad",
        "State": "Kerala",
        "PinCode": "800459",
        "ContactNumber": "8235927974"
    },
    {
        "AddressLine": "5930 Aliquam Street",
        "City": "Chhindwara",
        "State": "Madhya Pradesh",
        "PinCode": "724661",
        "ContactNumber": "2141075027"
    },
    {
        "AddressLine": "House No 416, 8652 Sodales Rd.",
        "City": "Mathura",
        "State": "Uttar Pradesh",
        "PinCode": "148055",
        "ContactNumber": "8645000577"
    },
    {
        "AddressLine": "8612 Non Rd.",
        "City": "Guna",
        "State": "Madhya Pradesh",
        "PinCode": "210683",
        "ContactNumber": "8336980338"
    },
    {
        "AddressLine": "295-7690 At Street",
        "City": "Shahjahanpur",
        "State": "Uttar Pradesh",
        "PinCode": "228410",
        "ContactNumber": "4624129756"
    },
    {
        "AddressLine": "House No 638, 4720 Nisi Road",
        "City": "Madurai",
        "State": "Tamil Nadu",
        "PinCode": "754286",
        "ContactNumber": "5741337087"
    },
    {
        "AddressLine": "706-3622 Pharetra Av.",
        "City": "Serampore",
        "State": "West Bengal",
        "PinCode": "266237",
        "ContactNumber": "8034395531"
    },
    {
        "AddressLine": "6363 Non Rd.",
        "City": "Darbhanga",
        "State": "Bihar",
        "PinCode": "570288",
        "ContactNumber": "5656699770"
    },
    {
        "AddressLine": "853-9772 Enim, Avenue",
        "City": "Allappuzha",
        "State": "Kerala",
        "PinCode": "140312",
        "ContactNumber": "5528409181"
    },
    {
        "AddressLine": "Flat No. #773-5039 Lacinia Road",
        "City": "Gudivada",
        "State": "Andhra Pradesh",
        "PinCode": "553874",
        "ContactNumber": "6772227684"
    },
    {
        "AddressLine": "Flat No. #753-706 Molestie Av.",
        "City": "North Barrackpur",
        "State": "West Bengal",
        "PinCode": "925233",
        "ContactNumber": "8615470547"
    },
    {
        "AddressLine": "Flat No. #794-4263 Tempor St.",
        "City": "Shivapuri",
        "State": "Madhya Pradesh",
        "PinCode": "563047",
        "ContactNumber": "6403786002"
    },
    {
        "AddressLine": "House No 786, 3820 Luctus Av.",
        "City": "Ambala Sadar",
        "State": "Haryana",
        "PinCode": "536057",
        "ContactNumber": "7336393163"
    },
    {
        "AddressLine": "1852 Est St.",
        "City": "Imphal",
        "State": "Manipur",
        "PinCode": "120023",
        "ContactNumber": "6124913142"
    },
    {
        "AddressLine": "7697 Sed, Road",
        "City": "Tiruvottiyur",
        "State": "Tamil Nadu",
        "PinCode": "819925",
        "ContactNumber": "6282658715"
    },
    {
        "AddressLine": "House No 735, 8148 Eu St.",
        "City": "Bahraich",
        "State": "Uttar Pradesh",
        "PinCode": "977360",
        "ContactNumber": "5692615243"
    },
    {
        "AddressLine": "9728 Ac Ave",
        "City": "Gonda",
        "State": "Uttar Pradesh",
        "PinCode": "468305",
        "ContactNumber": "8482561251"
    },
    {
        "AddressLine": "Flat No. #570-3269 Adipiscing, Rd.",
        "City": "Chapra",
        "State": "Bihar",
        "PinCode": "257573",
        "ContactNumber": "1799428172"
    },
    {
        "AddressLine": "Flat No. #420-9203 Pretium Street",
        "City": "Dehri",
        "State": "Bihar",
        "PinCode": "392400",
        "ContactNumber": "3841876454"
    },
    {
        "AddressLine": "Flat No. #335-7984 Senectus Rd.",
        "City": "Pali",
        "State": "Rajasthan",
        "PinCode": "900530",
        "ContactNumber": "6125618251"
    },
    {
        "AddressLine": "393-5141 Enim. Ave",
        "City": "Surendranagar",
        "State": "Gujarat",
        "PinCode": "209008",
        "ContactNumber": "8862122529"
    },
    {
        "AddressLine": "2465 Laoreet, Street",
        "City": "Dehri",
        "State": "Bihar",
        "PinCode": "637308",
        "ContactNumber": "2662305605"
    },
    {
        "AddressLine": "467-7967 Volutpat Ave",
        "City": "Jodhpur",
        "State": "Rajasthan",
        "PinCode": "983371",
        "ContactNumber": "6577421741"
    },
    {
        "AddressLine": "644-1102 Quam, Road",
        "City": "Muzaffarnagar",
        "State": "Uttar Pradesh",
        "PinCode": "513402",
        "ContactNumber": "7979432420"
    },
    {
        "AddressLine": "House No 712, 4763 Turpis Street",
        "City": "Pune",
        "State": "Maharastra",
        "PinCode": "551272",
        "ContactNumber": "3419930245"
    },
    {
        "AddressLine": "582-5177 Suscipit Rd.",
        "City": "Patna",
        "State": "Bihar",
        "PinCode": "530094",
        "ContactNumber": "1158759250"
    },
    {
        "AddressLine": "House No 424, 5509 Ut Street",
        "City": "Ganganagar",
        "State": "Rajasthan",
        "PinCode": "692405",
        "ContactNumber": "8395635840"
    },
    {
        "AddressLine": "House No 953, 785 Viverra. Street",
        "City": "Hathras",
        "State": "Uttar Pradesh",
        "PinCode": "973613",
        "ContactNumber": "3242686167"
    },
    {
        "AddressLine": "265-1062 Sapien. Road",
        "City": "Murwara",
        "State": "Madhya Pradesh",
        "PinCode": "894885",
        "ContactNumber": "2503052325"
    },
    {
        "AddressLine": "Flat No. #338-5510 Justo. Av.",
        "City": "Puri",
        "State": "Odisha",
        "PinCode": "127980",
        "ContactNumber": "9686763415"
    },
    {
        "AddressLine": "House No 992, 8003 In Rd.",
        "City": "Dehradun",
        "State": "Uttarakhand",
        "PinCode": "425528",
        "ContactNumber": "9875104847"
    },
    {
        "AddressLine": "1407 Auctor, St.",
        "City": "Ichalkaranji",
        "State": "Maharastra",
        "PinCode": "115863",
        "ContactNumber": "2598303301"
    },
    {
        "AddressLine": "715-449 Arcu. Rd.",
        "City": "Delhi",
        "State": "Delhi",
        "PinCode": "338019",
        "ContactNumber": "5994731583"
    },
    {
        "AddressLine": "House No 556, 2384 Libero. Rd.",
        "City": "Banda",
        "State": "Uttar Pradesh",
        "PinCode": "767511",
        "ContactNumber": "9801318492"
    },
    {
        "AddressLine": "Flat No. #740-6953 Scelerisque Rd.",
        "City": "Mango",
        "State": "Jharkhand",
        "PinCode": "697196",
        "ContactNumber": "7172289826"
    },
    {
        "AddressLine": "Flat No. #210-902 Neque Street",
        "City": "South Dum Dum",
        "State": "West Bengal",
        "PinCode": "504795",
        "ContactNumber": "7508353683"
    },
    {
        "AddressLine": "Flat No. #741-3157 Metus Av.",
        "City": "Delhi",
        "State": "Delhi",
        "PinCode": "495095",
        "ContactNumber": "7097939373"
    },
    {
        "AddressLine": "7711 Ac Avenue",
        "City": "Raigarh",
        "State": "Chhattisgarh",
        "PinCode": "282126",
        "ContactNumber": "1952031107"
    },
    {
        "AddressLine": "846-8342 Sollicitudin Road",
        "City": "Allappuzha",
        "State": "Kerala",
        "PinCode": "510771",
        "ContactNumber": "6773875946"
    },
    {
        "AddressLine": "Flat No. #863-3118 Odio Rd.",
        "City": "Mathura",
        "State": "Uttar Pradesh",
        "PinCode": "587393",
        "ContactNumber": "8562646144"
    },
    {
        "AddressLine": "800-9178 Aliquam Street",
        "City": "Karnal",
        "State": "Haryana",
        "PinCode": "132797",
        "ContactNumber": "6883499359"
    },
    {
        "AddressLine": "Flat No. #131-5960 Varius St.",
        "City": "Ongole",
        "State": "Andhra Pradesh",
        "PinCode": "881860",
        "ContactNumber": "6735030289"
    },
    {
        "AddressLine": "3508 Ligula. Rd.",
        "City": "Ahmadnagar",
        "State": "Maharastra",
        "PinCode": "703396",
        "ContactNumber": "9638404068"
    },
    {
        "AddressLine": "Flat No. #316-5621 Laoreet St.",
        "City": "Nellore",
        "State": "Andhra Pradesh",
        "PinCode": "333433",
        "ContactNumber": "5232382321"
    },
    {
        "AddressLine": "House No 383, 4427 Pellentesque Rd.",
        "City": "Bokaro Steel City",
        "State": "Jharkhand",
        "PinCode": "509723",
        "ContactNumber": "1442202063"
    },
    {
        "AddressLine": "6226 Mauris St.",
        "City": "Ingraj Bazar",
        "State": "West Bengal",
        "PinCode": "592487",
        "ContactNumber": "8382307048"
    },
    {
        "AddressLine": "855-4409 Duis Street",
        "City": "Junagadh",
        "State": "Gujarat",
        "PinCode": "622745",
        "ContactNumber": "6984835508"
    },
    {
        "AddressLine": "735-1235 Pretium Street",
        "City": "Unnao",
        "State": "Uttar Pradesh",
        "PinCode": "103540",
        "ContactNumber": "4331966638"
    },
    {
        "AddressLine": "7319 Nunc Ave",
        "City": "Muzaffarpur",
        "State": "Bihar",
        "PinCode": "760765",
        "ContactNumber": "7586450222"
    },
    {
        "AddressLine": "House No 989, 5810 Nulla Av.",
        "City": "Ashoknagar-Kalyangarh",
        "State": "West Bengal",
        "PinCode": "561119",
        "ContactNumber": "9838697111"
    },
    {
        "AddressLine": "233-9672 Pharetra. Rd.",
        "City": "Kanpur Cantonment",
        "State": "Uttar Pradesh",
        "PinCode": "832089",
        "ContactNumber": "8675203394"
    },
    {
        "AddressLine": "529-4520 Libero. Ave",
        "City": "Raigarh",
        "State": "Chhattisgarh",
        "PinCode": "183678",
        "ContactNumber": "3057906681"
    },
    {
        "AddressLine": "House No 936, 3362 Vehicula Ave",
        "City": "Serampore",
        "State": "West Bengal",
        "PinCode": "367103",
        "ContactNumber": "2614588263"
    },
    {
        "AddressLine": "House No 695, 9930 A, St.",
        "City": "Hassan",
        "State": "Karnataka",
        "PinCode": "277874",
        "ContactNumber": "4013626333"
    },
    {
        "AddressLine": "Flat No. #735-431 Gravida. St.",
        "City": "Chapra",
        "State": "Bihar",
        "PinCode": "386153",
        "ContactNumber": "2004897617"
    },
    {
        "AddressLine": "488-2166 Class St.",
        "City": "Bellary",
        "State": "Karnataka",
        "PinCode": "831105",
        "ContactNumber": "4355640111"
    },
    {
        "AddressLine": "Flat No. #736-9947 Et Av.",
        "City": "Sambalpur",
        "State": "Odisha",
        "PinCode": "979906",
        "ContactNumber": "9196326946"
    },
    {
        "AddressLine": "444-1842 Dui. Rd.",
        "City": "Shivapuri",
        "State": "Madhya Pradesh",
        "PinCode": "561012",
        "ContactNumber": "7243866404"
    },
    {
        "AddressLine": "2923 Sollicitudin Road",
        "City": "Secunderabad",
        "State": "Andhra Pradesh",
        "PinCode": "382673",
        "ContactNumber": "3685997991"
    },
    {
        "AddressLine": "517-8912 Nulla St.",
        "City": "Champdani",
        "State": "West Bengal",
        "PinCode": "680616",
        "ContactNumber": "8183195143"
    },
    {
        "AddressLine": "5418 Magna. Rd.",
        "City": "Chennai",
        "State": "Tamil Nadu",
        "PinCode": "386032",
        "ContactNumber": "6557358508"
    },
    {
        "AddressLine": "548-8023 Vulputate, Rd.",
        "City": "Gonda",
        "State": "Uttar Pradesh",
        "PinCode": "945821",
        "ContactNumber": "2509549312"
    },
    {
        "AddressLine": "House No 235, 5674 Vitae Street",
        "City": "Chapra",
        "State": "Bihar",
        "PinCode": "201938",
        "ContactNumber": "4051146489"
    },
    {
        "AddressLine": "House No 740, 6689 Tempor Av.",
        "City": "Bharatpur",
        "State": "Rajasthan",
        "PinCode": "932264",
        "ContactNumber": "8563079826"
    },
    {
        "AddressLine": "House No 534, 9974 Rutrum Av.",
        "City": "Bellary",
        "State": "Karnataka",
        "PinCode": "761574",
        "ContactNumber": "7652091989"
    },
    {
        "AddressLine": "Flat No. #378-6117 Nulla Rd.",
        "City": "Mandasor",
        "State": "Madhya Pradesh",
        "PinCode": "975340",
        "ContactNumber": "9006343802"
    },
    {
        "AddressLine": "7947 Mauris, Av.",
        "City": "Tambaram",
        "State": "Tamil Nadu",
        "PinCode": "339533",
        "ContactNumber": "5898142373"
    },
    {
        "AddressLine": "Flat No. #296-6151 Neque Road",
        "City": "Varanasi",
        "State": "Uttar Pradesh",
        "PinCode": "340397",
        "ContactNumber": "9083194560"
    },
    {
        "AddressLine": "Flat No. #879-8630 Sed Road",
        "City": "Vijayawada",
        "State": "Andhra Pradesh",
        "PinCode": "824631",
        "ContactNumber": "2805327045"
    },
    {
        "AddressLine": "Flat No. #398-2797 A Rd.",
        "City": "Sikar",
        "State": "Rajasthan",
        "PinCode": "660265",
        "ContactNumber": "1131794401"
    },
    {
        "AddressLine": "House No 471, 2701 Purus, Rd.",
        "City": "Faridabad",
        "State": "Haryana",
        "PinCode": "121303",
        "ContactNumber": "4452007276"
    },
    {
        "AddressLine": "House No 639, 1344 Nisl St.",
        "City": "Farrukhabad-cum-Fatehgarh",
        "State": "Uttar Pradesh",
        "PinCode": "481405",
        "ContactNumber": "5281218896"
    },
    {
        "AddressLine": "House No 400, 2541 Lacus Street",
        "City": "Alandur",
        "State": "Tamil Nadu",
        "PinCode": "919471",
        "ContactNumber": "3677519188"
    },
    {
        "AddressLine": "627-5294 Nisi St.",
        "City": "Hyderabad",
        "State": "Andhra Pradesh",
        "PinCode": "827202",
        "ContactNumber": "7553553297"
    },
    {
        "AddressLine": "691-6564 Lacinia Rd.",
        "City": "Arrah",
        "State": "Bihar",
        "PinCode": "380536",
        "ContactNumber": "1115912385"
    },
    {
        "AddressLine": "House No 240, 7563 Vel Rd.",
        "City": "Rishra",
        "State": "West Bengal",
        "PinCode": "201130",
        "ContactNumber": "2828547194"
    },
    {
        "AddressLine": "Flat No. #245-5336 Nibh. Av.",
        "City": "Jammu",
        "State": "Jammu and Kashmir",
        "PinCode": "114809",
        "ContactNumber": "9836944618"
    },
    {
        "AddressLine": "3474 Nam Rd.",
        "City": "Mangalore",
        "State": "Karnataka",
        "PinCode": "164228",
        "ContactNumber": "6528245422"
    },
    {
        "AddressLine": "Flat No. #527-9373 At Rd.",
        "City": "South Dum Dum",
        "State": "West Bengal",
        "PinCode": "138781",
        "ContactNumber": "2356382980"
    },
    {
        "AddressLine": "Flat No. #630-2414 Enim. St.",
        "City": "Satna",
        "State": "Madhya Pradesh",
        "PinCode": "991102",
        "ContactNumber": "8931080189"
    },
    {
        "AddressLine": "567-3331 In St.",
        "City": "Cuddalore",
        "State": "Tamil Nadu",
        "PinCode": "813558",
        "ContactNumber": "3549212065"
    },
    {
        "AddressLine": "9606 Integer Ave",
        "City": "Multan",
        "State": "Punjab",
        "PinCode": "491357",
        "ContactNumber": "7979421441"
    },
    {
        "AddressLine": "Flat No. #174-7165 Magna, Street",
        "City": "Eluru",
        "State": "Andhra Pradesh",
        "PinCode": "356811",
        "ContactNumber": "4117163673"
    }
]